{
  "bge_m3_hit_at_k": {
    "1": 0.0,
    "10": 0.0,
    "100": 6.666666666666667e-05,
    "5": 0.0
  },
  "bge_m3_mrr": 2.3613986657464915e-06,
  "bge_m3_ndcg_at_10": 0.0,
  "bge_m3_results_hash": "0511547649c1c3a8d68a7330cc3501aa13ec30bd1287a23eca1e5bc595e84660",
  "bge_m3_wins": 3,
  "bm25_hit_at_k": {
    "1": 0.0,
    "10": 0.0,
    "100": 0.00011111111111111112,
    "5": 0.0
  },
  "bm25_mrr": 2.4154338920776093e-06,
  "bm25_ndcg_at_10": 0.0,
  "bm25_results_hash": "926b4ebbdff68e13abf4e74c986b652b452548afeef348773fd53b3da695bfc5",
  "bm25_wins": 5,
  "git_sha": "02177cb61d99",
  "k_values": [
    1,
    5,
    10,
    100
  ],
  "n_queries": 45000,
  "ndcg_k": 10,
  "schema_version": "1.0.0",
  "seed": 0,
  "ties": 44992
}
