{
  "gold_field": "source_cluster_id",
  "hit_at_k": {
    "1": 0.0243808976385496,
    "10": 0.08617138477750634,
    "100": 0.2215835608564449,
    "5": 0.06313167600708915
  },
  "k_values": [
    1,
    5,
    10,
    100
  ],
  "label": "bge_m3",
  "match_field": "cluster_id",
  "mrr": 0.045666853971831144,
  "n_queries": 20877,
  "n_skipped": 0,
  "ndcg_at_10": 0.05161740936549756,
  "ndcg_k": 10,
  "results_hash": "b4c308d99910afe9cf88b927e3448fa9839c864330c015afb5a6fc0a1b8cad12"
}
