{
  "gold_field": "source_cluster_id",
  "hit_at_k": {
    "1": 0.025051492072615797,
    "10": 0.1459021890118312,
    "100": 0.33318963452603345,
    "5": 0.10274464721942808
  },
  "k_values": [
    1,
    5,
    10,
    100
  ],
  "label": "bm25",
  "match_field": "cluster_id",
  "mrr": 0.0642157639215921,
  "n_queries": 20877,
  "n_skipped": 0,
  "ndcg_at_10": 0.0783378055212023,
  "ndcg_k": 10,
  "results_hash": "74e6263308b4a9e3f922fb7d12b05a0f5b2a842176252bdb9f29aa6e7a2407f5"
}
