{
  "bge_m3_hit_at_k": {
    "1": 0.0243808976385496,
    "10": 0.08617138477750634,
    "100": 0.2215835608564449,
    "5": 0.06313167600708915
  },
  "bge_m3_mrr": 0.045666853971831144,
  "bge_m3_ndcg_at_10": 0.05161740936549756,
  "bge_m3_results_hash": "b4c308d99910afe9cf88b927e3448fa9839c864330c015afb5a6fc0a1b8cad12",
  "bge_m3_wins": 3372,
  "bm25_hit_at_k": {
    "1": 0.025051492072615797,
    "10": 0.1459021890118312,
    "100": 0.33318963452603345,
    "5": 0.10274464721942808
  },
  "bm25_mrr": 0.0642157639215921,
  "bm25_ndcg_at_10": 0.0783378055212023,
  "bm25_results_hash": "74e6263308b4a9e3f922fb7d12b05a0f5b2a842176252bdb9f29aa6e7a2407f5",
  "bm25_wins": 5819,
  "git_sha": "c5853c949d04",
  "k_values": [
    1,
    5,
    10,
    100
  ],
  "n_queries": 20877,
  "ndcg_k": 10,
  "schema_version": "1.0.0",
  "seed": 0,
  "ties": 11686
}
