{
  "gold_field": "source_cluster_id",
  "hit_at_k": {
    "1": 0.03908607558557264,
    "10": 0.15572160751065767,
    "100": 0.3751975858600374,
    "5": 0.10806150308952436
  },
  "k_values": [
    1,
    5,
    10,
    100
  ],
  "label": "RRF_k60",
  "match_field": "cluster_id",
  "mrr": 0.0769341504762876,
  "n_queries": 20877,
  "n_skipped": 0,
  "ndcg_at_10": 0.08936588479284006,
  "ndcg_k": 10,
  "results_hash": "1d0a112826cfa739929ab2a2a52f0e9066935b5b710b40b7558d47147645ca77"
}
